symbol,entry_time,exit_time,entry_price,exit_price,shares,pnl,pnl_pct,exit_reason,entry_score,phases_aligned
GESAN,2022-09-14 08:00:00+00:00,2022-09-23 04:00:00+00:00,16.674999237060547,20.850000381469727,255,1045.48754201889,0.24538337614182143,TAKE_PROFIT,0.3188471474914277,3
SNGYO,2022-09-16 12:00:00+00:00,2022-09-26 08:00:00+00:00,1.8825000524520876,1.725000023841858,1706,-281.0038390693667,-0.08732337406110152,STOP_LOSS,0.5134801994071908,3
HEKTS,2022-09-16 08:00:00+00:00,2022-09-26 12:00:00+00:00,29.83645439147949,37.729034423828125,118,915.3789884567268,0.2594800649865417,TAKE_PROFIT,0.568427705300062,3
KOZAA,2022-09-14 12:00:00+00:00,2022-09-27 12:00:00+00:00,30.459999084472656,27.739999771118164,142,-402.76870217132546,-0.09293295864995231,STOP_LOSS,0.5098584475603749,3
TAVHL,2022-09-15 08:00:00+00:00,2022-09-28 08:00:00+00:00,70.19999694824219,63.59999847412109,59,-405.1883094329837,-0.0976337746660009,STOP_LOSS,0.5288152149000337,3
INDES,2022-09-15 12:00:00+00:00,2022-09-29 12:00:00+00:00,0.9134263396263124,0.8251165747642517,4335,-397.89599774479893,-0.10028574766248717,STOP_LOSS,0.5251809012706248,3
BIMAS,2022-09-23 12:00:00+00:00,2022-09-30 04:00:00+00:00,120.9000015258789,115.0,27,-172.0386412811281,-0.05259787660833968,PHASE_EXIT,0.5337741838323654,3
QUAGR,2022-09-15 12:00:00+00:00,2022-10-05 04:00:00+00:00,2.843636274337769,3.598181962966919,1218,903.3443795242306,0.2602940803142489,TAKE_PROFIT,0.42565856755575704,3
AKSA,2022-09-15 12:00:00+00:00,2022-10-05 08:00:00+00:00,4.679166793823242,5.9666666984558105,672,850.8919356994629,0.27006536239835394,TAKE_PROFIT,0.3695987545978434,3
KONYA,2022-09-29 08:00:00+00:00,2022-10-10 08:00:00+00:00,1269.4000244140625,1598.0,2,645.730351074219,0.2538370315674952,TAKE_PROFIT,0.4684038114059428,3
THYAO,2022-09-27 08:00:00+00:00,2022-10-14 04:00:00+00:00,71.75,89.8499984741211,41,728.8487375640871,0.24726572606943403,TAKE_PROFIT,0.3746365065137961,3
EGEEN,2022-09-30 08:00:00+00:00,2022-10-14 12:00:00+00:00,2275.199951171875,2880.699951171875,2,1190.3764003906253,0.2610760427846233,TAKE_PROFIT,0.5740576426096836,4
MPARK,2022-09-27 12:00:00+00:00,2022-10-17 08:00:00+00:00,48.0,62.20000076293945,66,922.6536502532958,0.29066036180583776,TAKE_PROFIT,0.42763572673370986,3
IPEKE,2022-09-14 12:00:00+00:00,2022-10-18 04:00:00+00:00,19.57999992370605,25.18000030517578,248,1366.599134490968,0.28087239221677635,TAKE_PROFIT,0.5210579008091448,3
SAHOL,2022-09-27 08:00:00+00:00,2022-10-24 12:00:00+00:00,27.239999771118164,33.65999984741211,126,793.5732097091677,0.2307499585988445,PHASE_EXIT,0.48050878873927905,3
QUAGR,2022-10-25 08:00:00+00:00,2022-11-07 12:00:00+00:00,4.13454532623291,5.24545431137085,862,941.4324258136749,0.26362488780847304,TAKE_PROFIT,0.4259776576442046,3
EGEEN,2022-10-17 08:00:00+00:00,2022-11-08 08:00:00+00:00,2886.0,3208.699951171875,1,310.51055126953133,0.10737725908872876,TRAILING_STOP,0.7267151306457678,3
ISDMR,2022-10-10 08:00:00+00:00,2022-11-09 12:00:00+00:00,26.13999938964844,28.399999618530277,114,245.2049063186646,0.08212039124077905,PHASE_EXIT,0.3258579971753225,3
KOZAL,2022-09-14 12:00:00+00:00,2022-11-14 12:00:00+00:00,0.4317460358142853,0.5528344511985779,10629,1266.1185551267263,0.27535051063803784,TAKE_PROFIT,0.5151061458498188,3
KOZAA,2022-10-14 12:00:00+00:00,2022-11-14 12:00:00+00:00,30.6200008392334,38.459999084472656,129,993.5371336555481,0.25102759974172356,TAKE_PROFIT,0.6251137014374616,3
GESAN,2022-11-08 08:00:00+00:00,2022-11-16 08:00:00+00:00,50.84999847412109,64.7249984741211,74,1009.6449004516603,0.2677800822253369,TAKE_PROFIT,0.531574168488914,3
TKFEN,2022-10-05 08:00:00+00:00,2022-11-17 12:00:00+00:00,32.939998626708984,35.099998474121094,104,210.4876647338865,0.06131998109394588,PHASE_EXIT,0.49082832428523393,3
ISFIN,2022-11-15 08:00:00+00:00,2022-11-17 12:00:00+00:00,9.720000267028809,8.800000190734863,367,-351.23370833587614,-0.09826438182457843,STOP_LOSS,0.4275333557551806,3
MAVI,2022-10-05 04:00:00+00:00,2022-11-22 08:00:00+00:00,9.806249618530272,12.537500381469728,359,964.4762113952656,0.27341756181185956,TAKE_PROFIT,0.524721866703715,3
PETKM,2022-10-03 04:00:00+00:00,2022-11-23 04:00:00+00:00,12.859999656677246,16.81999969482422,207,807.4324881649013,0.30271029818893747,TAKE_PROFIT,0.23864182215498073,3
EGEEN,2022-11-18 08:00:00+00:00,2022-11-25 04:00:00+00:00,3430.10009765625,4465.0,1,1019.109702148437,0.2965148310806734,TAKE_PROFIT,0.995115208838862,4
ANSGR,2022-11-16 08:00:00+00:00,2022-11-25 12:00:00+00:00,13.149999618530272,15.149999618530272,276,536.3784004211416,0.14749209246162967,PHASE_EXIT,0.4295433849313811,3
KOZAA,2022-11-17 12:00:00+00:00,2022-12-01 04:00:00+00:00,39.040000915527344,48.900001525878906,115,1113.6738696289058,0.24756123967143487,TAKE_PROFIT,0.6558075156292128,3
ISFIN,2022-11-28 04:00:00+00:00,2022-12-07 12:00:00+00:00,9.350000381469728,8.40999984741211,428,-417.52278877258414,-0.10412549176675728,STOP_LOSS,0.5169422430714944,3
DOAS,2022-11-10 04:00:00+00:00,2022-12-08 04:00:00+00:00,135.5,148.1999969482422,29,351.8453116760252,0.08936073943880281,PHASE_EXIT,0.6137668013058494,3
ARCLK,2022-11-14 12:00:00+00:00,2022-12-19 04:00:00+00:00,82.0,104.9000015258789,52,1171.3624791870116,0.27416145176509354,TAKE_PROFIT,0.5810691071332904,3
AGHOL,2022-10-14 04:00:00+00:00,2022-12-20 04:00:00+00:00,90.9000015258789,114.1999969482422,41,938.4816124420176,0.2513103061333771,TAKE_PROFIT,0.6105529517835542,3
GUBRF,2022-12-08 12:00:00+00:00,2022-12-22 08:00:00+00:00,211.3999938964844,268.5,20,1122.8041223144528,0.2650338289201919,TAKE_PROFIT,0.59090385425142,3
QUAGR,2022-12-01 04:00:00+00:00,2022-12-30 08:00:00+00:00,5.659090995788574,7.086363315582275,932,1306.4602752113342,0.2472099221100175,TAKE_PROFIT,0.6764167013703599,4
ENKAI,2022-12-22 08:00:00+00:00,2023-01-03 12:00:00+00:00,27.959999084472656,34.97999954223633,130,896.2356598663328,0.24607868262946916,TAKE_PROFIT,0.43010883483116047,3
IZMDC,2022-11-23 04:00:00+00:00,2023-01-05 12:00:00+00:00,5.679999828338623,5.110000133514404,750,-443.6847710609436,-0.10394347091498171,STOP_LOSS,0.6763731212066905,3
MPARK,2022-12-19 04:00:00+00:00,2023-01-05 12:00:00+00:00,81.9000015258789,84.0999984741211,51,95.26784436035177,0.02276273964207776,PHASE_EXIT,0.6593183951297379,3
KOZAA,2022-12-09 08:00:00+00:00,2023-01-09 12:00:00+00:00,51.84999847412109,47.220001220703125,111,-535.9232350616448,-0.09293154086991869,STOP_LOSS,0.8522091747613671,4
ALKIM,2022-10-19 04:00:00+00:00,2023-01-10 12:00:00+00:00,18.850000381469727,17.110000610351562,210,-380.5031523513794,-0.09593120053970405,STOP_LOSS,0.5629888293090246,3
EKGYO,2022-12-20 04:00:00+00:00,2023-01-10 12:00:00+00:00,8.350000381469727,8.640000343322754,462,118.28122170639062,0.030599871957542674,PHASE_EXIT,0.5259571251538278,3
KARTN,2022-11-22 08:00:00+00:00,2023-01-11 04:00:00+00:00,94.4000015258789,84.75,60,-600.4980917358398,-0.10580852455213266,STOP_LOSS,0.7952131073794759,4
GUBRF,2022-12-30 08:00:00+00:00,2023-01-20 04:00:00+00:00,269.29998779296875,340.0,15,1042.22118347168,0.25749249877871716,TAKE_PROFIT,0.551594639871946,3
HEKTS,2023-01-13 08:00:00+00:00,2023-01-25 08:00:00+00:00,35.70000076293945,32.36000061035156,118,-410.1821783294681,-0.09717595847651542,STOP_LOSS,0.3749862131740782,3
SAHOL,2023-01-20 04:00:00+00:00,2023-01-27 04:00:00+00:00,43.060001373291016,39.400001525878906,85,-325.11818752288855,-0.08865037531124939,STOP_LOSS,0.38231202982508716,3
INDES,2022-11-28 04:00:00+00:00,2023-01-31 04:00:00+00:00,1.7046462297439575,1.5565712451934814,2069,-319.86206094622594,-0.09051076940456557,STOP_LOSS,0.42538992338733383,3
KLRHO,2023-01-11 08:00:00+00:00,2023-02-01 04:00:00+00:00,10.68000030517578,9.583999633789062,396,-450.0653538207998,-0.10620413095054235,STOP_LOSS,0.32655999638385497,3
IZMDC,2023-01-16 08:00:00+00:00,2023-02-01 04:00:00+00:00,5.300000190734863,4.789999961853027,967,-512.6842816238404,-0.09983433324050768,STOP_LOSS,0.5633131814376731,4
GESAN,2023-01-26 12:00:00+00:00,2023-02-01 12:00:00+00:00,63.09999847412109,57.25,55,-334.9884159088133,-0.0963318785306423,STOP_LOSS,0.3229374907759076,3
IPEKE,2023-01-10 08:00:00+00:00,2023-02-02 08:00:00+00:00,34.65999984741211,30.799999237060547,116,-462.9467905883789,-0.11491502356194185,STOP_LOSS,0.32780472139772643,3
THYAO,2023-01-16 08:00:00+00:00,2023-02-02 12:00:00+00:00,142.89999389648438,130.1999969482422,32,-423.87830175781164,-0.0925105526923794,STOP_LOSS,0.6057153556310894,3
ENKAI,2023-01-31 08:00:00+00:00,2023-02-02 12:00:00+00:00,29.63999938964844,26.440000534057617,116,-384.2104272308352,-0.11152320607242781,STOP_LOSS,0.31561087437332747,3
TAVHL,2022-11-08 04:00:00+00:00,2023-02-07 04:00:00+00:00,81.3499984741211,74.75,75,-518.4148853301995,-0.08479903868625598,STOP_LOSS,0.9241096033242979,4
KONTR,2023-01-13 08:00:00+00:00,2023-02-07 04:00:00+00:00,62.88888931274414,57.33333206176758,63,-365.14810670471206,-0.09197861325398318,STOP_LOSS,0.3592431174780585,3
KONYA,2023-02-03 04:00:00+00:00,2023-02-07 04:00:00+00:00,2345.60009765625,2964.5,1,608.2797021484375,0.25881034521315527,TAKE_PROFIT,0.3360333900034497,3
SASA,2023-01-10 12:00:00+00:00,2023-02-07 08:00:00+00:00,5.51697301864624,5.033969402313232,749,-377.5750203800203,-0.09119118416374607,STOP_LOSS,0.31191198398202835,3
AKSA,2023-02-03 08:00:00+00:00,2023-02-07 08:00:00+00:00,6.420833587646484,5.895833492279053,792,-435.3096761856077,-0.08543070760610036,STOP_LOSS,0.556375528780183,3
SNGYO,2023-02-03 08:00:00+00:00,2023-02-07 08:00:00+00:00,1.2000000476837158,1.065000057220459,3139,-437.9846407227519,-0.11604290180359432,STOP_LOSS,0.32510420316469424,3
PGSUS,2023-02-03 08:00:00+00:00,2023-02-07 08:00:00+00:00,105.61421966552734,93.8906707763672,33,-400.0444361114496,-0.11455239630104988,STOP_LOSS,0.31075404295424097,3
THYAO,2023-02-03 12:00:00+00:00,2023-02-07 08:00:00+00:00,142.89999389648438,128.5,25,-373.5698471069336,-0.10435947225570506,STOP_LOSS,0.4042086411690853,3
SISE,2023-02-03 08:00:00+00:00,2023-02-07 12:00:00+00:00,42.70000076293945,39.18000030517578,110,-405.21365058898937,-0.08609853814807285,STOP_LOSS,0.5226474854813291,3
FROTO,2023-01-27 12:00:00+00:00,2023-02-08 04:00:00+00:00,51.54000473022461,46.09000015258789,71,-400.81378570556626,-0.10931307871824794,STOP_LOSS,0.3767241337556282,3
QUAGR,2023-02-07 04:00:00+00:00,2023-02-08 04:00:00+00:00,5.790909290313721,5.172727108001709,660,-422.4722403717037,-0.11031631812885509,STOP_LOSS,0.3255332958466643,3
IZMDC,2023-02-15 04:00:00+00:00,2023-02-20 04:00:00+00:00,4.949999809265137,6.550000190734863,654,1031.3582494812008,0.31795004783063635,TAKE_PROFIT,0.40097824824073103,3
EREGL,2023-02-15 04:00:00+00:00,2023-02-21 04:00:00+00:00,20.65999984741211,26.075000762939453,257,1367.6334449768065,0.2570623976446767,TAKE_PROFIT,0.6925399408254994,3
ASELS,2023-02-15 04:00:00+00:00,2023-02-27 04:00:00+00:00,28.975000381469727,26.299999237060547,188,-523.6836150054933,-0.09594447367467408,STOP_LOSS,0.5619831124686476,4
KONTR,2023-02-15 04:00:00+00:00,2023-02-28 12:00:00+00:00,60.22222137451172,70.97777557373047,65,682.0550233459471,0.17389278486799542,PHASE_EXIT,0.4509894385024691,3
ISDMR,2023-02-20 04:00:00+00:00,2023-03-01 04:00:00+00:00,36.68000030517578,48.79999923706055,105,1254.6490879440303,0.3251141891077408,TAKE_PROFIT,0.6635105073516704,3
KOZAL,2023-02-15 04:00:00+00:00,2023-03-01 08:00:00+00:00,25.819047927856445,23.739999771118164,240,-522.7599005126949,-0.08419437544639514,STOP_LOSS,0.7255011083541572,3
EKGYO,2023-02-27 04:00:00+00:00,2023-03-02 12:00:00+00:00,8.890000343322754,8.130000114440918,601,-477.2181781082154,-0.0891400774527816,STOP_LOSS,0.7774196086367786,4
ECILC,2023-02-15 04:00:00+00:00,2023-03-06 04:00:00+00:00,24.739999771118164,32.220001220703125,116,854.4654479217529,0.29714546314600143,TAKE_PROFIT,0.3278827205761171,3
HALKB,2023-03-06 04:00:00+00:00,2023-03-13 12:00:00+00:00,12.5,11.489999771118164,291,-307.8722464714051,-0.0844694793152952,STOP_LOSS,0.4286935639195726,3
KONTR,2023-03-01 08:00:00+00:00,2023-03-14 12:00:00+00:00,73.46666717529297,66.84443664550781,51,-352.0454896087649,-0.09377143204023111,STOP_LOSS,0.43424424977246223,3
KLRHO,2023-02-15 04:00:00+00:00,2023-03-15 08:00:00+00:00,8.640000343322754,7.851999759674072,409,-335.7826947965623,-0.09483169670285362,STOP_LOSS,0.44745882288189665,3
GUBRF,2023-02-21 04:00:00+00:00,2023-03-15 12:00:00+00:00,209.1000061035156,217.8000030517578,16,125.53915087890664,0.03744875958702126,PHASE_EXIT,0.4426414664596895,3
MPARK,2023-03-16 04:00:00+00:00,2023-03-21 04:00:00+00:00,80.75,74.0,48,-338.85599999999977,-0.08724964930819469,STOP_LOSS,0.36610199407866606,3
SMRTG,2023-03-17 08:00:00+00:00,2023-03-28 04:00:00+00:00,42.82828140258789,38.76262664794922,94,-397.5106376495364,-0.09854226321877042,STOP_LOSS,0.525028720045061,3
HEKTS,2023-02-15 04:00:00+00:00,2023-03-28 12:00:00+00:00,30.600000381469727,27.65999984741211,121,-369.8389846763612,-0.09968691689861407,STOP_LOSS,0.44955500266191084,3
KARSN,2023-03-01 04:00:00+00:00,2023-03-29 04:00:00+00:00,9.0,8.15999984741211,335,-292.8972510147096,-0.09695277803090653,STOP_LOSS,0.22703936473607078,3
IZMDC,2023-03-28 12:00:00+00:00,2023-03-30 12:00:00+00:00,6.550000190734863,5.989999771118164,554,-324.13455242538475,-0.08914695837378159,STOP_LOSS,0.42612612385860016,3
KONTR,2023-03-16 08:00:00+00:00,2023-03-31 12:00:00+00:00,68.88888549804688,62.84444046020508,51,-321.7034961776735,-0.09138369712544503,STOP_LOSS,0.3261338793226183,3
SAHOL,2023-03-29 12:00:00+00:00,2023-04-03 04:00:00+00:00,41.43999862670898,37.29999923706055,87,-373.88070652770966,-0.10349666323220531,STOP_LOSS,0.4373694723721099,3
BIMAS,2023-02-15 04:00:00+00:00,2023-04-14 12:00:00+00:00,131.89999389648438,166.1999969482422,52,1752.597759643555,0.255015402324024,TAKE_PROFIT,0.7115015954690551,4
GESAN,2023-04-14 12:00:00+00:00,2023-04-18 04:00:00+00:00,86.0999984741211,78.8499984741211,46,-348.6753997192386,-0.08786028556393341,STOP_LOSS,0.5463982653783068,3
PETKM,2023-04-03 12:00:00+00:00,2023-04-18 12:00:00+00:00,14.449999809265137,14.529999732971191,321,7.074815803527599,0.0015222098994053747,PHASE_EXIT,0.5755021244062151,4
QUAGR,2023-02-15 04:00:00+00:00,2023-04-19 04:00:00+00:00,5.872727394104004,7.390909671783447,1487,2218.090990275383,0.25348999678509543,TAKE_PROFIT,0.8461876155940935,4
SASA,2023-03-29 12:00:00+00:00,2023-04-19 04:00:00+00:00,5.737008094787598,5.629673957824707,542,-70.49658557891826,-0.022626407903356065,PHASE_EXIT,0.31950227724415975,3
ARCLK,2023-03-02 12:00:00+00:00,2023-04-24 04:00:00+00:00,121.5999984741211,111.3000030517578,27,-290.6764764862064,-0.08835778738992396,STOP_LOSS,0.3348950705778271,3
HALKB,2023-04-19 12:00:00+00:00,2023-04-25 12:00:00+00:00,12.550000190734863,11.350000381469728,529,-660.0860997066493,-0.09922782255771224,STOP_LOSS,0.7782450841854613,4
GARAN,2023-04-19 12:00:00+00:00,2023-04-25 12:00:00+00:00,29.459999084472656,27.040000915527344,209,-529.3966173095705,-0.08580931306644035,STOP_LOSS,0.7781297103484262,4
ALKIM,2023-03-23 04:00:00+00:00,2023-04-26 08:00:00+00:00,16.0,14.4399995803833,348,-564.0663857345589,-0.1011028205325267,STOP_LOSS,0.782748254953554,4
ISCTR,2023-04-19 12:00:00+00:00,2023-04-26 12:00:00+00:00,4.896048545837402,4.480044364929199,1049,-456.05942869949376,-0.08862015674242557,STOP_LOSS,0.625111150543215,4
KOZAL,2023-03-20 04:00:00+00:00,2023-04-27 12:00:00+00:00,21.420000076293945,19.600000381469727,150,-285.305954360962,-0.08862013083846522,STOP_LOSS,0.3199685137379209,3
OTKAR,2023-03-31 12:00:00+00:00,2023-04-28 04:00:00+00:00,183.3000030517578,168.05999755859375,17,-271.02633340454076,-0.08680252821664176,STOP_LOSS,0.32689800538803815,3
ERBOS,2023-04-19 04:00:00+00:00,2023-04-28 12:00:00+00:00,130.39999389648438,117.5,36,-482.24857983398397,-0.10252343863869079,STOP_LOSS,0.48137470912756775,3
KONYA,2023-04-24 08:00:00+00:00,2023-05-02 04:00:00+00:00,3006.5,2726.60009765625,1,-291.36610253906247,-0.09671862081227947,STOP_LOSS,0.7658289606157126,3
KARSN,2023-04-26 12:00:00+00:00,2023-05-02 04:00:00+00:00,9.149999618530272,8.15999984741211,441,-451.85731859207044,-0.11175679381860801,STOP_LOSS,0.32558987352969615,3
KONTR,2023-04-27 12:00:00+00:00,2023-05-02 04:00:00+00:00,64.0888900756836,57.20000076293945,104,-741.6725778198243,-0.11105251816279245,STOP_LOSS,0.8794408611180924,4
INDES,2023-03-01 12:00:00+00:00,2023-05-02 12:00:00+00:00,1.6234725713729858,1.471829533576965,2675,-422.20499236583737,-0.09702572594935369,STOP_LOSS,0.6752559868266227,3
ISFIN,2023-03-31 04:00:00+00:00,2023-05-02 12:00:00+00:00,5.809999942779541,5.309999942779541,536,-279.92063987731945,-0.0897069896204939,STOP_LOSS,0.31947875899670397,3
SMRTG,2023-04-27 08:00:00+00:00,2023-05-03 04:00:00+00:00,36.48989868164063,31.86868667602539,101,-480.5508468093881,-0.1301300492263703,STOP_LOSS,0.32573453244743744,3
DOHOL,2023-05-08 12:00:00+00:00,2023-05-15 04:00:00+00:00,8.90999984741211,7.989999771118164,469,-447.33223542404176,-0.10683460148897218,STOP_LOSS,0.47655837004379575,3
MPARK,2023-04-27 08:00:00+00:00,2023-05-15 12:00:00+00:00,65.8499984741211,63.400001525878906,58,-157.0928229980468,-0.041049215327940786,PHASE_EXIT,0.3281280816499639,3
BIMAS,2023-04-27 12:00:00+00:00,2023-05-18 08:00:00+00:00,158.10000610351562,143.5,21,-319.2673284301759,-0.09597001776836364,STOP_LOSS,0.32225090200431095,3
GARAN,2023-05-08 12:00:00+00:00,2023-05-18 08:00:00+00:00,27.81999969482422,25.3799991607666,158,-402.3312840194699,-0.09134859539375349,STOP_LOSS,0.4770344889232949,3
SAHOL,2023-05-08 12:00:00+00:00,2023-05-22 12:00:00+00:00,39.220001220703125,35.939998626708984,81,-277.85613008880637,-0.08728902437149857,STOP_LOSS,0.3277429800827656,3
KCHOL,2023-05-08 12:00:00+00:00,2023-05-24 08:00:00+00:00,80.6500015258789,73.05000305175781,57,-450.72171354675356,-0.09785015627356908,STOP_LOSS,0.4856545671518352,3
INDES,2023-05-18 08:00:00+00:00,2023-05-24 12:00:00+00:00,1.4959139823913574,1.372815489768982,2222,-286.2734843811986,-0.08595333387631916,STOP_LOSS,0.31669440798255927,3
MAVI,2023-05-08 12:00:00+00:00,2023-05-26 04:00:00+00:00,13.3125,12.164999961853027,258,-309.2013998222351,-0.08984510138938488,STOP_LOSS,0.35858829822754346,3
ODAS,2023-05-16 12:00:00+00:00,2023-05-30 04:00:00+00:00,5.039999961853027,6.360000133514404,709,919.714921572685,0.256867253843295,TAKE_PROFIT,0.4498143750899566,3
KONYA,2023-05-26 08:00:00+00:00,2023-05-31 04:00:00+00:00,2594.0,3329.60009765625,2,1447.5057949218744,0.2784534621816264,TAKE_PROFIT,0.7566683285920508,4
TKFEN,2023-05-25 04:00:00+00:00,2023-06-05 04:00:00+00:00,26.81999969482422,34.060001373291016,134,953.8443846282958,0.2648782136445472,TAKE_PROFIT,0.3625812366441685,3
GUBRF,2023-05-05 08:00:00+00:00,2023-06-06 04:00:00+00:00,218.6999969482422,278.0,22,1282.7452672729496,0.26607326668782466,TAKE_PROFIT,0.5077013012079606,3
THYAO,2023-05-08 12:00:00+00:00,2023-06-07 04:00:00+00:00,132.89999389648438,173.10000610351562,27,1068.8763295898439,0.29728364208479624,TAKE_PROFIT,0.3817188964472593,3
ASELS,2023-05-15 04:00:00+00:00,2023-06-07 04:00:00+00:00,21.51000022888184,26.924999237060547,177,941.3088346366876,0.2467463470389817,TAKE_PROFIT,0.5283750796492961,3
KOZAL,2023-06-07 04:00:00+00:00,2023-06-13 12:00:00+00:00,25.200000762939453,22.86000061035156,160,-389.7792248535161,-0.09647847485901317,STOP_LOSS,0.4182449241851012,3
EKGYO,2023-06-07 08:00:00+00:00,2023-06-14 12:00:00+00:00,7.909999847412109,7.110000133514404,489,-405.88942007732385,-0.10472603842522832,STOP_LOSS,0.4265843697077413,3
ERBOS,2023-06-14 12:00:00+00:00,2023-06-15 08:00:00+00:00,150.6999969482422,148.3000030517578,25,-74.9498474121092,-0.019854080539620116,PHASE_EXIT,0.47075748678494,3
AGHOL,2023-04-28 08:00:00+00:00,2023-06-19 04:00:00+00:00,95.9499969482422,103.0,58,385.8219773559558,0.06919047022615706,PHASE_EXIT,0.7514653224037082,4
ALKIM,2023-06-14 08:00:00+00:00,2023-06-21 12:00:00+00:00,14.43000030517578,13.260000228881836,277,-339.4302814292905,-0.08474942363691614,STOP_LOSS,0.5250601260659441,3
HEKTS,2023-06-15 12:00:00+00:00,2023-06-21 12:00:00+00:00,31.36000061035156,28.399999618530277,121,-372.6220400657644,-0.09800300331553494,STOP_LOSS,0.4765762469202227,3
MAVI,2023-06-09 04:00:00+00:00,2023-07-03 04:00:00+00:00,16.174999237060547,20.850000381469727,228,1049.0168610992437,0.28388054569000837,TAKE_PROFIT,0.42817699711140544,3
PETKM,2023-05-26 04:00:00+00:00,2023-07-04 04:00:00+00:00,12.920000076293944,16.229999542236328,250,812.924866676331,0.2511771694616727,TAKE_PROFIT,0.30944844963650625,3
ISCTR,2023-05-30 04:00:00+00:00,2023-07-04 04:00:00+00:00,4.59604549407959,5.788057804107666,1149,1345.7594748430256,0.25432870330716534,TAKE_PROFIT,0.7677634358395671,4
SMRTG,2023-05-24 12:00:00+00:00,2023-07-07 04:00:00+00:00,34.267677307128906,43.28282928466797,107,948.0254531860351,0.2580380967359044,TAKE_PROFIT,0.3349293694347295,3
DOAS,2023-06-07 04:00:00+00:00,2023-07-10 04:00:00+00:00,152.39999389648438,201.3999938964844,28,1352.1872006835947,0.31624678437411086,TAKE_PROFIT,0.44571859992528384,3
ODAS,2023-06-19 04:00:00+00:00,2023-07-10 12:00:00+00:00,6.849999904632568,8.600000381469727,630,1083.0333000469209,0.2504626513686067,TAKE_PROFIT,0.6006451244850454,3
MPARK,2023-05-31 08:00:00+00:00,2023-07-13 04:00:00+00:00,64.6500015258789,81.25,51,831.7181220245357,0.25175014373666915,TAKE_PROFIT,0.3673458209739665,3
SISE,2023-06-22 08:00:00+00:00,2023-07-19 04:00:00+00:00,41.65999984741211,48.060001373291016,117,727.8056982421876,0.14901932922971922,PHASE_EXIT,0.5759262497793198,4
FROTO,2023-06-22 08:00:00+00:00,2023-07-21 04:00:00+00:00,71.9000015258789,91.0199966430664,85,1597.5031852722168,0.26087123002944856,TAKE_PROFIT,0.7898339190037793,4
SMRTG,2023-07-07 04:00:00+00:00,2023-07-21 04:00:00+00:00,43.28282928466797,58.38383865356445,95,1415.2792231369021,0.34350666068822,TAKE_PROFIT,0.5317592415482102,3
ANSGR,2023-07-03 04:00:00+00:00,2023-07-21 12:00:00+00:00,15.600000381469728,19.989999771118164,225,971.7343626022334,0.27629480038220744,TAKE_PROFIT,0.40066787613233246,3
ODAS,2023-07-19 08:00:00+00:00,2023-07-27 04:00:00+00:00,8.869999885559082,11.5600004196167,452,1197.4115211181643,0.29806683899692504,TAKE_PROFIT,0.4273464840177268,3
MPARK,2023-07-13 12:00:00+00:00,2023-08-04 04:00:00+00:00,82.8499984741211,104.3000030517578,49,1032.7095241546622,0.25387613382461327,TAKE_PROFIT,0.48214627601426474,3
GARAN,2023-07-27 04:00:00+00:00,2023-08-09 04:00:00+00:00,38.97999954223633,50.20000076293945,125,1380.2051525115967,0.2826988749479201,TAKE_PROFIT,0.6057815138739268,3
QUAGR,2023-07-04 12:00:00+00:00,2023-08-10 04:00:00+00:00,8.013636589050293,7.25,478,-379.61032614517217,-0.09890374937911749,STOP_LOSS,0.4444348350993639,3
HALKB,2023-05-25 12:00:00+00:00,2023-08-10 08:00:00+00:00,11.850000381469728,14.890000343322754,346,1033.3359062995896,0.2515239448750406,TAKE_PROFIT,0.5766672454968084,3
KONYA,2023-07-21 08:00:00+00:00,2023-08-11 04:00:00+00:00,4016.39990234375,4203.0,1,170.16129785156272,0.04228205822915671,PHASE_EXIT,0.8698480436733594,3
KLRHO,2023-07-04 08:00:00+00:00,2023-08-11 12:00:00+00:00,14.739999771118164,18.739999771118164,233,916.3983202133177,0.26629509380069827,TAKE_PROFIT,0.277404982527155,3
HALKB,2023-08-10 08:00:00+00:00,2023-08-18 12:00:00+00:00,14.890000343322754,13.520000457763672,291,-415.2045871639252,-0.09563276765895234,STOP_LOSS,0.4277803499412679,3
SMRTG,2023-08-18 12:00:00+00:00,2023-08-23 12:00:00+00:00,80.9000015258789,73.69999694824219,49,-367.9510241546632,-0.09263555007354425,STOP_LOSS,0.38082538976626845,3
INDES,2023-07-21 04:00:00+00:00,2023-08-24 12:00:00+00:00,2.015960454940796,1.7777916193008425,2483,-610.2129916946878,-0.1216620135434627,STOP_LOSS,0.5753557143648527,3
ISCTR,2023-08-24 04:00:00+00:00,2023-08-29 08:00:00+00:00,7.024069786071777,8.808087348937988,676,1184.5907960510249,0.24898037616155272,TAKE_PROFIT,0.6009119580659371,3
ECILC,2023-08-04 04:00:00+00:00,2023-09-08 04:00:00+00:00,43.5,54.45000076293945,109,1172.196982994079,0.24672725265362536,TAKE_PROFIT,0.5630032827710868,3
ECILC,2023-09-08 08:00:00+00:00,2023-09-11 08:00:00+00:00,55.45000076293945,54.5,83,-97.10176345062246,-0.021056187865362244,PHASE_EXIT,0.5340942141459369,3
IPEKE,2023-09-11 08:00:00+00:00,2023-09-12 12:00:00+00:00,54.84999847412109,49.77999877929688,89,-469.85411235046195,-0.09605692600569897,STOP_LOSS,0.6105314602184532,3
DOAS,2023-09-12 12:00:00+00:00,2023-09-14 04:00:00+00:00,286.0,264.6000061035156,15,-337.51790863037104,-0.07851846624475316,PHASE_EXIT,0.506459582543925,3
ODAS,2023-08-09 08:00:00+00:00,2023-09-14 08:00:00+00:00,11.75,10.699999809265137,338,-370.07626433944733,-0.09299700092184944,STOP_LOSS,0.3263438718185825,3
ISFIN,2023-08-24 12:00:00+00:00,2023-09-14 08:00:00+00:00,11.960000038146973,10.960000038146973,352,-368.13568005371053,-0.08727027523688674,STOP_LOSS,0.4529855862894717,3
KOZAA,2023-09-14 12:00:00+00:00,2023-09-18 12:00:00+00:00,69.5,63.09999847412109,56,-373.25128527832067,-0.09571075866722892,STOP_LOSS,0.31626803781788504,3
FROTO,2023-09-14 12:00:00+00:00,2023-09-20 08:00:00+00:00,90.95999908447266,83.43000030517578,48,-378.1813813476565,-0.08644517097486404,STOP_LOSS,0.3833192981578225,3
ARCLK,2023-08-11 12:00:00+00:00,2023-09-21 04:00:00+00:00,157.6999969482422,151.8000030517578,44,-286.8357314453124,-0.04125543474014413,PHASE_EXIT,0.7827104034134504,4
ODAS,2023-09-15 04:00:00+00:00,2023-09-21 04:00:00+00:00,12.239999771118164,11.140000343322754,348,-399.0722809524541,-0.0935024925205241,STOP_LOSS,0.4509164983465278,3
ANSGR,2023-09-20 04:00:00+00:00,2023-09-25 04:00:00+00:00,43.2400016784668,54.20000076293945,87,936.565359924316,0.24846511098329055,TAKE_PROFIT,0.32214464974533996,3
ERBOS,2023-07-10 08:00:00+00:00,2023-09-28 04:00:00+00:00,151.6999969482422,192.0,28,1109.1528856201166,0.26060340659978914,TAKE_PROFIT,0.5742621628776554,3
SNGYO,2023-07-21 12:00:00+00:00,2023-10-05 12:00:00+00:00,1.117500066757202,1.4100000858306885,4096,1177.3747968750013,0.25670806181545164,TAKE_PROFIT,0.5230241003413874,3
PETKM,2023-08-11 12:00:00+00:00,2023-10-06 04:00:00+00:00,18.920000076293945,23.8799991607666,269,1311.2133541336052,0.25711785025840306,TAKE_PROFIT,0.6774878562230083,3
ISDMR,2023-07-10 12:00:00+00:00,2023-10-09 08:00:00+00:00,36.540000915527344,40.2599983215332,111,395.8701122360235,0.09740773838677151,PHASE_EXIT,0.471471346591245,3
TKFEN,2023-10-06 04:00:00+00:00,2023-10-09 12:00:00+00:00,54.5,50.0,96,-452.0640000000003,-0.0862312073101504,STOP_LOSS,0.6551754564912387,3
IZMDC,2023-09-25 08:00:00+00:00,2023-10-12 08:00:00+00:00,7.590000152587891,6.900000095367432,574,-412.6945531291967,-0.09453820202311253,STOP_LOSS,0.4763991221622721,3
THYAO,2023-09-28 04:00:00+00:00,2023-10-13 04:00:00+00:00,241.6000061035156,221.8999938964844,16,-330.03219531249897,-0.08520629141523717,STOP_LOSS,0.35241631614618396,3
OTKAR,2023-10-05 12:00:00+00:00,2023-10-13 04:00:00+00:00,384.0,401.7000122070313,11,177.4147340087893,0.04191775870814935,PHASE_EXIT,0.48340793827143624,3
SMRTG,2023-10-10 08:00:00+00:00,2023-10-16 08:00:00+00:00,80.55000305175781,73.55000305175781,77,-562.7314009399415,-0.09054764134455982,STOP_LOSS,0.5809472518703549,4
ERBOS,2023-10-12 12:00:00+00:00,2023-10-17 04:00:00+00:00,216.0,275.20001220703125,24,1397.222692382812,0.2689880063143027,TAKE_PROFIT,0.7134273944882967,3
SMRTG,2023-10-17 12:00:00+00:00,2023-10-20 04:00:00+00:00,77.5,70.05000305175781,55,-425.9803324890131,-0.09973726037403507,STOP_LOSS,0.36755467482665627,3
KONTR,2023-09-21 08:00:00+00:00,2023-10-20 12:00:00+00:00,123.37777709960938,113.15555572509766,32,-342.24921728515665,-0.08651428491229687,STOP_LOSS,0.38235895547372545,3
ARCLK,2023-10-17 12:00:00+00:00,2023-10-23 04:00:00+00:00,164.3000030517578,148.8000030517578,31,-499.91220037841777,-0.09795503158426982,STOP_LOSS,0.5128736022358386,3
MAVI,2023-10-18 08:00:00+00:00,2023-10-25 12:00:00+00:00,26.350000381469727,24.0,148,-362.7036565704343,-0.09282006562790181,STOP_LOSS,0.31938234455746706,3
KONTR,2023-10-24 04:00:00+00:00,2023-10-25 12:00:00+00:00,127.64445495605467,116.53334045410156,36,-417.58092333984223,-0.09069189462122085,STOP_LOSS,0.5228702613935906,3
GUBRF,2023-08-29 08:00:00+00:00,2023-10-26 04:00:00+00:00,334.3999938964844,332.0,14,-52.2591143798827,-0.011140380579775898,PHASE_EXIT,0.5692049508374263,3
TAVHL,2023-09-20 08:00:00+00:00,2023-10-26 04:00:00+00:00,121.4000015258789,117.0999984741211,52,-248.40415869140634,-0.039270741808932155,PHASE_EXIT,0.7417642848062949,4
KLRHO,2023-10-16 04:00:00+00:00,2023-10-31 12:00:00+00:00,40.27999877929688,50.84999847412109,124,1288.079722839353,0.2573735353305899,TAKE_PROFIT,0.585141980408434,3
ODAS,2023-10-26 08:00:00+00:00,2023-11-01 04:00:00+00:00,13.0600004196167,11.739999771118164,297,-406.7713927173613,-0.10466055674828387,STOP_LOSS,0.22212175575120408,3
DOHOL,2023-10-10 12:00:00+00:00,2023-11-13 08:00:00+00:00,14.4399995803833,13.199999809265137,337,-436.509282455444,-0.0895217741482009,STOP_LOSS,0.5762788712028822,3
MPARK,2023-09-21 08:00:00+00:00,2023-11-20 04:00:00+00:00,138.0,172.5,31,1050.2490000000007,0.24500998003992036,TAKE_PROFIT,0.4114057022947669,3
KOZAA,2023-11-02 04:00:00+00:00,2023-11-24 04:00:00+00:00,53.54999923706055,55.34999847412109,83,131.3225370559685,0.02948723028602254,PHASE_EXIT,0.44817825366267205,3
GARAN,2023-10-26 12:00:00+00:00,2023-12-06 04:00:00+00:00,47.79999923706055,61.45000076293945,85,1141.6776296997073,0.28043289446755304,TAKE_PROFIT,0.3105523835544751,3
AGHOL,2023-10-23 08:00:00+00:00,2023-12-06 08:00:00+00:00,208.1999969482422,190.8000030517578,21,-382.15787182617214,-0.08723184832653273,STOP_LOSS,0.37476141820264997,3
SMRTG,2023-11-24 12:00:00+00:00,2023-12-06 08:00:00+00:00,65.94999694824219,60.400001525878906,93,-539.6506739959714,-0.08781066657926546,STOP_LOSS,0.6285018140760565,4
GUBRF,2023-11-20 08:00:00+00:00,2023-12-12 08:00:00+00:00,372.5,339.75,13,-444.26850000000013,-0.09156050315476431,STOP_LOSS,0.6011165840653111,3
SASA,2023-10-23 12:00:00+00:00,2023-12-14 04:00:00+00:00,5.677499771118164,5.142499923706055,822,-457.55795407104506,-0.09784743489543142,STOP_LOSS,0.4759961229665369,3
IZMDC,2023-12-14 08:00:00+00:00,2023-12-21 08:00:00+00:00,5.360000133514404,5.429999828338623,1096,53.06798561096184,0.009015493955076214,PHASE_EXIT,0.5752616254648764,4
PGSUS,2023-10-26 08:00:00+00:00,2023-12-25 04:00:00+00:00,146.24766540527344,134.52410888671875,30,-368.5530020141605,-0.08383435643464258,STOP_LOSS,0.32809197690733105,3
KLRHO,2023-12-07 08:00:00+00:00,2023-12-25 08:00:00+00:00,37.08000183105469,33.91999816894531,128,-422.6564687499995,-0.08887304945267217,STOP_LOSS,0.5337481929812078,3
ISFIN,2023-10-27 12:00:00+00:00,2023-12-25 12:00:00+00:00,11.890000343322754,10.84000015258789,348,-381.22014672088653,-0.09194900024134783,STOP_LOSS,0.37648362198466023,3
BIMAS,2023-12-06 08:00:00+00:00,2023-12-25 12:00:00+00:00,313.25,301.0,13,-175.2204999999999,-0.0429420488631675,PHASE_EXIT,0.3327588080824667,3
IZMDC,2023-12-27 04:00:00+00:00,2024-01-03 12:00:00+00:00,5.570000171661377,5.440000057220459,716,-108.84640226745614,-0.02723818256011968,PHASE_EXIT,0.32076385404998053,3
ANSGR,2023-12-27 08:00:00+00:00,2024-01-15 12:00:00+00:00,56.95000076293945,71.9000015258789,70,1028.4610530853274,0.2574710204092982,TAKE_PROFIT,0.3746505250126194,3
EKGYO,2024-01-04 04:00:00+00:00,2024-01-22 04:00:00+00:00,7.230000019073486,9.390000343322754,530,1127.182971467972,0.29357057916171286,TAKE_PROFIT,0.32593762384141134,3
GESAN,2023-12-26 12:00:00+00:00,2024-02-06 04:00:00+00:00,65.55000305175781,82.9000015258789,66,1125.5044986877447,0.2596347757732238,TAKE_PROFIT,0.3228702139734476,3
SAHOL,2023-12-06 04:00:00+00:00,2024-02-07 08:00:00+00:00,63.54999923706055,80.19999694824219,76,1243.549826629639,0.25696047582644965,TAKE_PROFIT,0.5719578251036685,3
SMRTG,2023-12-27 04:00:00+00:00,2024-02-07 08:00:00+00:00,55.400001525878906,70.80000305175781,86,1302.6937304382327,0.2728766492198664,TAKE_PROFIT,0.4796360082008714,3
KCHOL,2023-08-10 08:00:00+00:00,2024-02-09 12:00:00+00:00,138.60000610351562,173.8000030517578,34,1175.5566956176754,0.24896235960508192,TAKE_PROFIT,0.4965029566862279,3
ASELS,2023-11-02 04:00:00+00:00,2024-02-13 04:00:00+00:00,42.540000915527344,54.0,110,1239.3610990905763,0.26432604560882667,TAKE_PROFIT,0.4540949192596646,3
ODAS,2024-01-22 08:00:00+00:00,2024-02-23 04:00:00+00:00,8.710000038146973,10.989999771118164,545,1221.1268546772008,0.2567310526523947,TAKE_PROFIT,0.563303679365618,3
MPARK,2023-12-21 12:00:00+00:00,2024-02-27 08:00:00+00:00,146.1999969482422,183.8000030517578,42,1551.480256347657,0.25216329908306534,TAKE_PROFIT,0.6603874630769218,4
SMRTG,2024-02-23 04:00:00+00:00,2024-02-28 08:00:00+00:00,72.19999694824219,66.3499984741211,70,-428.8968925476074,-0.08469347626003845,STOP_LOSS,0.5844320958458608,3
OTKAR,2024-02-09 12:00:00+00:00,2024-03-04 04:00:00+00:00,520.5,473.5,14,-685.8319999999994,-0.09392933633213872,STOP_LOSS,0.9120321807029292,4
PGSUS,2024-02-29 04:00:00+00:00,2024-03-06 04:00:00+00:00,177.08079528808594,162.14503479003906,28,-437.19794042968715,-0.08799963903888906,STOP_LOSS,0.5397413429691014,3
ISCTR,2024-02-13 04:00:00+00:00,2024-03-06 08:00:00+00:00,10.928109169006348,10.0,399,-387.0161895504002,-0.08858159391676416,STOP_LOSS,0.415366949557753,3
ISDMR,2024-02-27 12:00:00+00:00,2024-03-06 12:00:00+00:00,41.93999862670898,38.08000183105469,133,-534.6648939437864,-0.0956607749737208,STOP_LOSS,0.6793029001273235,3
ENKAI,2023-12-13 04:00:00+00:00,2024-03-12 04:00:00+00:00,34.08000183105469,37.2599983215332,133,403.9630931930542,0.08894524117797303,PHASE_EXIT,0.47708324455554996,3
IPEKE,2024-02-07 08:00:00+00:00,2024-03-12 12:00:00+00:00,37.68000030517578,41.68000030517578,133,510.89023983764673,0.10174131481379639,PHASE_EXIT,0.5249485551674968,3
SISE,2024-03-04 08:00:00+00:00,2024-03-15 08:00:00+00:00,51.650001525878906,47.27999877929688,82,-374.56474526977536,-0.08826224824785134,STOP_LOSS,0.325991254148832,3
FROTO,2024-03-06 04:00:00+00:00,2024-03-19 04:00:00+00:00,105.8000030517578,106.5,68,18.72699206542984,0.0025977999973112566,PHASE_EXIT,0.7886228319405513,4
ECILC,2024-01-16 04:00:00+00:00,2024-03-26 04:00:00+00:00,46.08000183105469,51.34999847412109,102,517.6639375305158,0.10991767421728231,PHASE_EXIT,0.5623642018478281,3
KARSN,2024-03-06 08:00:00+00:00,2024-03-26 04:00:00+00:00,11.050000190734863,10.079999923706056,407,-411.989928773879,-0.09142441359678735,STOP_LOSS,0.42797859322217413,3
THYAO,2023-11-13 08:00:00+00:00,2024-03-29 08:00:00+00:00,238.1999969482422,298.5,20,1184.532061157227,0.24814604132062296,TAKE_PROFIT,0.5587533177424193,3
GUBRF,2024-03-27 08:00:00+00:00,2024-04-02 08:00:00+00:00,166.10000610351562,152.10000610351562,48,-702.5472011718748,-0.08794211388532075,STOP_LOSS,0.8636306950074562,4
SNGYO,2024-03-14 08:00:00+00:00,2024-04-03 08:00:00+00:00,1.5525000095367432,1.4100000858306885,3197,-474.51448169803643,-0.09541298914894243,STOP_LOSS,0.5325006029844253,3
HALKB,2024-03-18 08:00:00+00:00,2024-04-16 04:00:00+00:00,13.770000457763672,14.979999542236328,298,343.44472717285134,0.08352931364283031,PHASE_EXIT,0.3255135012056056,3
ANSGR,2024-04-01 12:00:00+00:00,2024-04-22 04:00:00+00:00,70.1500015258789,89.5,59,1122.8112097930907,0.27074429981263515,TAKE_PROFIT,0.32604878437414886,3
MPARK,2024-03-13 12:00:00+00:00,2024-04-25 08:00:00+00:00,178.89999389648438,224.8999938964844,29,1310.579600708009,0.2521084246612382,TAKE_PROFIT,0.5442437659328541,3
TAVHL,2024-03-27 08:00:00+00:00,2024-04-26 08:00:00+00:00,173.6999969482422,218.3000030517578,28,1226.8481708984373,0.25174755195035786,TAKE_PROFIT,0.5452536558219901,3
MAVI,2024-03-06 12:00:00+00:00,2024-04-29 04:00:00+00:00,35.650001525878906,44.82500076293945,131,1180.8404494552615,0.25234380738289836,TAKE_PROFIT,0.47050005072358125,3
ISGYO,2024-04-04 08:00:00+00:00,2024-05-10 04:00:00+00:00,14.470000267028809,15.81999969482422,306,394.5623449287423,0.0889319773774367,PHASE_EXIT,0.37507150070622897,3
KARTN,2024-04-29 08:00:00+00:00,2024-05-10 04:00:00+00:00,138.5,125.3000030517578,38,-521.6486842651375,-0.09891838672363377,STOP_LOSS,0.5440366264200233,3
MPARK,2024-04-25 08:00:00+00:00,2024-05-16 12:00:00+00:00,224.8999938964844,286.25,21,1266.8818284301751,0.2677069504962688,TAKE_PROFIT,0.44343324822160113,3
SAHOL,2024-02-07 08:00:00+00:00,2024-05-17 04:00:00+00:00,80.19999694824219,102.5,55,1206.4031681823735,0.27295289586056615,TAKE_PROFIT,0.4391503009068448,3
ARCLK,2024-04-02 08:00:00+00:00,2024-05-22 08:00:00+00:00,154.3000030517578,193.3999938964844,38,1459.3744523315445,0.24839879600009993,TAKE_PROFIT,0.49806012942473415,4
GESAN,2024-04-22 04:00:00+00:00,2024-05-23 12:00:00+00:00,73.44999694824219,66.5999984741211,66,-470.5864986877441,-0.09688042242557386,STOP_LOSS,0.4869842792746597,3
INDES,2024-05-17 04:00:00+00:00,2024-05-29 08:00:00+00:00,9.630000114440918,8.779999732971191,656,-581.7541700439451,-0.09190553168074667,STOP_LOSS,0.56858639859044,4
ISGYO,2024-05-16 12:00:00+00:00,2024-06-05 04:00:00+00:00,16.65999984741211,16.219999313354492,495,-250.3514635276788,-0.03029718096887725,PHASE_EXIT,0.928321455301097,4
KCHOL,2024-05-10 08:00:00+00:00,2024-06-06 04:00:00+00:00,241.6000061035156,221.8999938964844,23,-474.42128076171684,-0.0852062914152371,STOP_LOSS,0.5799650723433946,3
AGHOL,2024-04-17 12:00:00+00:00,2024-06-07 04:00:00+00:00,304.5,342.75,16,591.2880000000005,0.1211222874448149,PHASE_EXIT,0.5597302753055879,3
SKBNK,2024-05-10 08:00:00+00:00,2024-06-10 04:00:00+00:00,4.96999979019165,4.570000171661377,1056,-442.5480770874019,-0.08415355127680435,STOP_LOSS,0.5400374660542768,3
EKGYO,2024-05-27 04:00:00+00:00,2024-06-10 08:00:00+00:00,9.31999969482422,8.5600004196167,498,-396.28811916732866,-0.08521147634911407,STOP_LOSS,0.40073774826664954,3
ERBOS,2024-06-06 04:00:00+00:00,2024-06-11 04:00:00+00:00,231.6999969482422,212.6000061035156,26,-519.7033621215824,-0.08609708125442264,STOP_LOSS,0.667346983069612,3
FROTO,2024-03-19 08:00:00+00:00,2024-06-11 08:00:00+00:00,110.0,101.1999969482422,39,-359.673718780517,-0.08367268232311996,STOP_LOSS,0.3614056774443527,3
KARSN,2024-06-12 04:00:00+00:00,2024-06-25 04:00:00+00:00,12.489999771118164,16.389999389648438,583,2240.025698581696,0.30701125296393433,TAKE_PROFIT,0.7216759045195789,4
KOZAL,2024-05-22 08:00:00+00:00,2024-07-01 12:00:00+00:00,22.13999938964844,20.100000381469727,191,-405.77549047470166,-0.09576506725880712,STOP_LOSS,0.30223598398874685,3
MPARK,2024-06-10 08:00:00+00:00,2024-07-12 12:00:00+00:00,291.75,366.0,16,1166.9519999999993,0.24949073575214595,TAKE_PROFIT,0.38844605100254725,3
PETKM,2024-06-06 04:00:00+00:00,2024-07-18 12:00:00+00:00,22.239999771118164,24.1200008392334,236,421.7983317871094,0.08020295224695592,PHASE_EXIT,0.5149877738095684,3
FROTO,2024-06-25 12:00:00+00:00,2024-07-24 04:00:00+00:00,112.0999984741211,102.0999984741211,42,-437.99279974365163,-0.09284197114998731,STOP_LOSS,0.37441764178945214,3
ANSGR,2024-07-02 12:00:00+00:00,2024-07-30 04:00:00+00:00,108.1999969482422,96.9499969482422,43,-501.3928994750977,-0.1075510745299534,STOP_LOSS,0.368440606726155,3
ODAS,2024-07-12 12:00:00+00:00,2024-07-31 04:00:00+00:00,8.930000305175781,8.1899995803833,604,-467.6413976364129,-0.08652802995403659,STOP_LOSS,0.5262658733065411,3
ENKAI,2024-05-29 08:00:00+00:00,2024-08-02 04:00:00+00:00,40.880001068115234,47.0,126,748.9741051483152,0.14511678146732673,PHASE_EXIT,0.5127212130539693,3
KOZAA,2024-06-10 04:00:00+00:00,2024-08-02 04:00:00+00:00,51.54999923706055,64.5,112,1424.404885620117,0.24621757363430521,TAKE_PROFIT,0.579988597578448,3
KARSN,2024-07-18 12:00:00+00:00,2024-08-02 04:00:00+00:00,16.780000686645508,15.3100004196167,326,-500.14276777267514,-0.09124660134212847,STOP_LOSS,0.5415734687990607,3
BIMAS,2024-07-31 12:00:00+00:00,2024-08-02 04:00:00+00:00,626.0,596.5,8,-255.5599999999995,-0.05092849444880198,PHASE_EXIT,0.5595623960698741,3
IZMDC,2024-02-06 08:00:00+00:00,2024-08-02 12:00:00+00:00,6.53000020980835,5.980000019073486,740,-425.5149414825446,-0.08788245449640965,STOP_LOSS,0.5755378756541688,3
IPEKE,2024-06-10 12:00:00+00:00,2024-08-05 04:00:00+00:00,38.27999877929688,42.5,115,466.72074066162077,0.10580827249793354,PHASE_EXIT,0.3250032451152801,3
SASA,2024-07-31 12:00:00+00:00,2024-08-05 04:00:00+00:00,5.815000057220459,5.522500038146973,831,-261.91044100856743,-0.054092162392815744,PHASE_EXIT,0.4361855505549971,3
ALGYO,2024-08-02 08:00:00+00:00,2024-08-05 04:00:00+00:00,26.575000762939453,24.280000686645508,239,-572.813708927155,-0.0900066287138299,STOP_LOSS,0.5761700003495853,3
SKBNK,2024-07-24 08:00:00+00:00,2024-08-06 12:00:00+00:00,4.21999979019165,3.809999942779541,1639,-698.3120890331274,-0.10076053297687422,STOP_LOSS,0.6252827493929669,4
MPARK,2024-08-07 08:00:00+00:00,2024-08-23 04:00:00+00:00,367.0,317.75,12,-607.4340000000002,-0.13765248793965207,STOP_LOSS,0.3177636358221795,3
KLRHO,2024-08-05 12:00:00+00:00,2024-08-23 12:00:00+00:00,33.79999923706055,31.0,169,-495.1022708053588,-0.08650153248715853,STOP_LOSS,0.32821095923430116,3
KARSN,2024-08-08 04:00:00+00:00,2024-09-06 12:00:00+00:00,14.770000457763672,18.5,288,1055.0763479003908,0.2475387361890932,TAKE_PROFIT,0.32502112610338973,3
IPEKE,2024-08-07 04:00:00+00:00,2024-09-09 04:00:00+00:00,46.84000015258789,42.2599983215332,165,-785.1033016204838,-0.10138139205155913,STOP_LOSS,0.6977528163595191,3
KOZAA,2024-08-07 08:00:00+00:00,2024-09-09 04:00:00+00:00,66.4000015258789,60.650001525878906,140,-840.5740008544926,-0.09024270537432182,STOP_LOSS,0.7873152378042125,4
KOZAL,2024-08-07 08:00:00+00:00,2024-09-11 04:00:00+00:00,24.479999542236328,22.459999084472656,349,-737.7442788009639,-0.08617896945266287,STOP_LOSS,0.7779477178827641,4
ANSGR,2024-09-09 08:00:00+00:00,2024-09-11 04:00:00+00:00,80.5999984741211,75.6500015258789,64,-336.7998046875,-0.06516120424002059,PHASE_EXIT,0.4924570966304965,3
OYAKC,2024-08-27 08:00:00+00:00,2024-09-11 12:00:00+00:00,17.397436141967773,15.79487133026123,275,-458.9610923290247,-0.09573929035741613,STOP_LOSS,0.4500583336589312,3
ERBOS,2024-08-27 08:00:00+00:00,2024-09-11 12:00:00+00:00,173.1999969482422,192.3000030517578,26,477.59415869140594,0.10584492923607017,PHASE_EXIT,0.44498394199469005,3
HEKTS,2024-09-13 08:00:00+00:00,2024-09-18 04:00:00+00:00,11.970000267028809,4.110000133514404,390,-3077.942452383041,-0.6580122927291479,STOP_LOSS,0.36020172426528074,3
AGHOL,2024-09-09 08:00:00+00:00,2024-10-01 08:00:00+00:00,336.0,309.0,21,-594.0900000000001,-0.08402837182777305,STOP_LOSS,0.5895400190438993,4
QUAGR,2024-09-13 12:00:00+00:00,2024-10-01 08:00:00+00:00,3.0,2.759999990463257,2372,-596.6054625759125,-0.08367265785684287,STOP_LOSS,0.7252323749956178,4
IPEKE,2024-09-13 08:00:00+00:00,2024-10-02 04:00:00+00:00,42.47999954223633,37.29999923706055,168,-897.0461308593749,-0.12544497540402658,STOP_LOSS,0.5763324947727506,4
MPARK,2024-09-18 04:00:00+00:00,2024-10-02 04:00:00+00:00,341.25,313.25,13,-381.0170000000003,-0.08571574799119715,STOP_LOSS,0.536882075599028,3
OTKAR,2024-09-16 04:00:00+00:00,2024-10-02 08:00:00+00:00,463.25,422.75,9,-380.44799999999987,-0.09106880680086128,STOP_LOSS,0.4801795571343572,3
SKBNK,2024-09-12 08:00:00+00:00,2024-10-02 12:00:00+00:00,4.230000019073486,3.880000114440918,2023,-740.862867611886,-0.08640400127600026,STOP_LOSS,0.7251998748771784,4
THYAO,2024-08-07 08:00:00+00:00,2024-10-03 12:00:00+00:00,294.5,269.5,16,-418.0479999999998,-0.08854277861933174,STOP_LOSS,0.3414883093634745,3
KLRHO,2024-10-01 08:00:00+00:00,2024-10-04 04:00:00+00:00,30.920000076293945,28.31999969482422,207,-562.7254388694764,-0.0877443164868263,STOP_LOSS,0.594790587985301,4
ENKAI,2024-10-01 08:00:00+00:00,2024-10-04 04:00:00+00:00,47.0,44.47999954223633,97,-262.1871643142704,-0.057395006940335246,PHASE_EXIT,0.47787947245957174,3
KLRHO,2024-10-07 08:00:00+00:00,2024-10-08 08:00:00+00:00,31.040000915527344,28.540000915527344,171,-447.87636062622096,-0.08421172881073465,STOP_LOSS,0.6793386531642308,3
GUBRF,2024-10-07 04:00:00+00:00,2024-10-08 12:00:00+00:00,208.5,191.6999969482422,28,-492.8112852783206,-0.08424591127411511,STOP_LOSS,0.6410448382795727,3
ODAS,2024-10-08 08:00:00+00:00,2024-10-08 12:00:00+00:00,6.429999828338623,5.909999847412109,706,-384.5440660762788,-0.08454009474353143,STOP_LOSS,0.4765616199344115,3
MPARK,2024-10-04 12:00:00+00:00,2024-10-11 04:00:00+00:00,321.25,292.0,15,-457.14750000000004,-0.0946791242417888,STOP_LOSS,0.32606266187958965,3
ASELS,2024-10-04 12:00:00+00:00,2024-10-11 12:00:00+00:00,61.20000076293945,56.0,102,-554.3088779754635,-0.08862015669181719,STOP_LOSS,0.5582624444548299,3
SAHOL,2024-10-09 12:00:00+00:00,2024-10-18 08:00:00+00:00,93.4499969482422,85.5999984741211,42,-344.74013552856513,-0.0876588047341839,STOP_LOSS,0.32534977803083787,3
OTKAR,2024-10-07 04:00:00+00:00,2024-10-31 04:00:00+00:00,462.0,423.75,12,-480.2579999999998,-0.08645371594473387,STOP_LOSS,0.6263809588164099,3
KCHOL,2024-10-15 12:00:00+00:00,2024-11-04 04:00:00+00:00,180.3000030517578,164.5,24,-395.75047338867216,-0.0912739290069795,STOP_LOSS,0.3941192686553686,3
KARSN,2024-10-11 08:00:00+00:00,2024-11-12 04:00:00+00:00,14.789999961853027,13.600000381469728,271,-337.877266469955,-0.08413056134422767,STOP_LOSS,0.32586124879068046,3
ISDMR,2024-04-26 08:00:00+00:00,2024-11-13 04:00:00+00:00,35.65999984741211,36.2400016784668,139,60.63205409240709,0.012207828590419302,PHASE_EXIT,0.4669855806811878,3
SISE,2024-11-13 12:00:00+00:00,2024-11-20 12:00:00+00:00,40.81999969482422,39.380001068115234,115,-184.0458422470101,-0.03912798215914239,PHASE_EXIT,0.506771038918493,3
SNGYO,2024-11-05 08:00:00+00:00,2024-12-03 04:00:00+00:00,2.838750123977661,3.588750123977661,1668,1229.5578591728208,0.2591540713590046,TAKE_PROFIT,0.49578645131319665,3
ANSGR,2024-10-04 08:00:00+00:00,2024-12-06 04:00:00+00:00,78.94999694824219,99.0500030517578,68,1342.592415039062,0.24958325106224016,TAKE_PROFIT,0.3284774392890474,3
SNGYO,2024-12-03 04:00:00+00:00,2024-12-11 08:00:00+00:00,3.588750123977661,3.259999990463257,1515,-518.8081651210787,-0.095232070700264,STOP_LOSS,0.6754192498206709,3
ISCTR,2024-12-06 04:00:00+00:00,2024-12-20 04:00:00+00:00,14.270000457763672,13.119999885559082,318,-383.12022217941285,-0.08425898967610607,STOP_LOSS,0.42660549639030676,3
KOZAA,2024-12-11 12:00:00+00:00,2024-12-20 04:00:00+00:00,73.80000305175781,66.5,100,-758.0603057861326,-0.10251316803236717,STOP_LOSS,0.8352768175477823,4
DOAS,2024-10-07 04:00:00+00:00,2024-12-23 04:00:00+00:00,216.8999938964844,196.0,18,-391.0642899169925,-0.0999650974475032,STOP_LOSS,0.29690042169017017,3
PGSUS,2024-06-11 08:00:00+00:00,2024-12-23 12:00:00+00:00,210.3999938964844,218.6999969482422,22,163.71966754150344,0.03529918910253821,PHASE_EXIT,0.33695790578808504,3
SKBNK,2024-10-09 12:00:00+00:00,2025-01-09 04:00:00+00:00,4.099999904632568,5.150000095367432,1166,1202.7292223968507,0.2510832517228758,TAKE_PROFIT,0.4754858743974105,3
DOHOL,2024-12-23 04:00:00+00:00,2025-01-13 08:00:00+00:00,15.220000267028809,13.960000038146973,303,-399.46314953613273,-0.08644735537873564,STOP_LOSS,0.5214935806512138,3
ISGYO,2024-12-24 08:00:00+00:00,2025-01-13 08:00:00+00:00,20.36000061035156,18.729999542236328,306,-522.7034069366446,-0.08373140836267545,STOP_LOSS,0.6783073921070853,4
KOZAL,2024-10-21 08:00:00+00:00,2025-01-13 12:00:00+00:00,20.34000015258789,22.040000915527344,199,321.43291139984103,0.07925352582376577,PHASE_EXIT,0.32616674812175583,3
IZMDC,2024-12-20 08:00:00+00:00,2025-01-13 12:00:00+00:00,5.809999942779541,5.429999828338623,1307,-526.0415089759827,-0.0691354155625112,PHASE_EXIT,0.8256759994452787,4
MAVI,2024-10-31 04:00:00+00:00,2025-01-27 04:00:00+00:00,39.09999847412109,35.75,104,-363.9686409912101,-0.08932770284610302,STOP_LOSS,0.3265884291640822,3
KARTN,2025-01-09 04:00:00+00:00,2025-01-27 08:00:00+00:00,103.5999984741211,131.8000030517578,45,1247.8142058563235,0.26712217440597813,TAKE_PROFIT,0.5518377865521439,3
TKFEN,2025-01-16 04:00:00+00:00,2025-02-05 08:00:00+00:00,66.5,59.900001525878906,63,-431.72630406188955,-0.10284391333382634,STOP_LOSS,0.33002922134669976,3
SNGYO,2025-01-14 08:00:00+00:00,2025-02-07 12:00:00+00:00,3.200000047683716,2.940000057220459,1674,-455.7967043867111,-0.0849176604964375,STOP_LOSS,0.49563651098719774,3
EKGYO,2025-01-28 12:00:00+00:00,2025-02-11 12:00:00+00:00,15.0600004196167,13.81999969482422,369,-478.8737075328818,-0.08600068712918524,STOP_LOSS,0.719265860569522,3
ISGYO,2025-02-07 12:00:00+00:00,2025-02-20 04:00:00+00:00,19.420000076293945,17.81999969482422,298,-498.99515354156483,-0.08605242524392785,STOP_LOSS,0.5757263738033538,4
ISFIN,2025-01-27 12:00:00+00:00,2025-02-21 04:00:00+00:00,13.31999969482422,12.140000343322754,335,-412.35798277854974,-0.0922269110262561,STOP_LOSS,0.37548262382214037,3
ERBOS,2025-02-12 04:00:00+00:00,2025-02-21 08:00:00+00:00,181.8000030517578,171.6999969482422,32,-345.8241953125007,-0.05932582536854508,PHASE_EXIT,0.6041711357668427,4
SMRTG,2025-01-16 04:00:00+00:00,2025-02-26 04:00:00+00:00,40.7400016784668,37.220001220703125,98,-360.2402054290769,-0.09004867810074514,STOP_LOSS,0.3253900057549469,3
INDES,2025-02-26 04:00:00+00:00,2025-03-05 04:00:00+00:00,8.1899995803833,7.349999904632568,575,-500.8708129644392,-0.10614664679807068,STOP_LOSS,0.5777861315448984,3
SAHOL,2024-11-13 08:00:00+00:00,2025-03-11 04:00:00+00:00,85.69999694824219,107.1999969482422,56,1182.3952006835943,0.24588164119927008,TAKE_PROFIT,0.4794552473044431,3
OYAKC,2024-12-23 04:00:00+00:00,2025-03-11 08:00:00+00:00,22.600000381469727,28.57999992370605,243,1428.2664086151108,0.2595534348301701,TAKE_PROFIT,0.6791501643158253,3
GARAN,2024-11-21 08:00:00+00:00,2025-03-12 08:00:00+00:00,113.8000030517578,143.89999389648438,40,1183.3836340332045,0.2594511333875705,TAKE_PROFIT,0.47757358000455796,3
ALKIM,2024-08-08 08:00:00+00:00,2025-03-21 04:00:00+00:00,16.229999542236328,14.479999542236328,251,-454.6664195404055,-0.11138659521743086,STOP_LOSS,0.32535262340945736,3
MAVI,2025-02-21 04:00:00+00:00,2025-03-21 04:00:00+00:00,35.375,32.349998474121094,111,-350.8101190338134,-0.08916305968493113,STOP_LOSS,0.3419252104462688,3
PETKM,2025-02-24 08:00:00+00:00,2025-03-21 04:00:00+00:00,16.8799991607666,15.359999656677246,383,-606.8556491603849,-0.09367991389855324,STOP_LOSS,0.7255654972265624,4
SNGYO,2025-03-12 04:00:00+00:00,2025-03-21 04:00:00+00:00,3.4600000381469727,2.9200000762939453,1318,-728.5376300239568,-0.15943833604111302,STOP_LOSS,0.4257799994162528,3
AGHOL,2025-03-12 12:00:00+00:00,2025-03-21 04:00:00+00:00,320.0,291.25,20,-599.4499999999998,-0.0934771082834331,STOP_LOSS,0.6396512426639558,4
ECILC,2025-03-13 04:00:00+00:00,2025-03-21 04:00:00+00:00,45.18000030517578,40.27999877929688,102,-517.2339954528807,-0.11201416312561843,STOP_LOSS,0.5138419595327632,3
SASA,2025-02-20 04:00:00+00:00,2025-03-21 08:00:00+00:00,3.630000114440918,3.319999933242798,1115,-361.14870214223856,-0.08905059607563756,STOP_LOSS,0.37536725032575957,3
ENKAI,2025-01-14 12:00:00+00:00,2025-03-24 04:00:00+00:00,49.119998931884766,62.400001525878906,89,1162.069670783997,0.2652870739994461,TAKE_PROFIT,0.32504712204920466,3
HALKB,2025-03-25 04:00:00+00:00,2025-04-04 08:00:00+00:00,21.559999465942383,19.739999771118164,263,-500.38371933746384,-0.08807060000718349,STOP_LOSS,0.40249435436528047,3
SKBNK,2025-03-25 08:00:00+00:00,2025-04-07 12:00:00+00:00,4.320000171661377,5.510000228881836,1372,1605.7065574073786,0.27037129673852256,TAKE_PROFIT,0.5115184712922327,3
KOZAL,2025-03-05 04:00:00+00:00,2025-04-14 12:00:00+00:00,23.799999237060547,29.76000022888184,170,994.9897687912003,0.2454285202918117,TAKE_PROFIT,0.40175174110751144,3
FROTO,2025-03-26 08:00:00+00:00,2025-04-15 12:00:00+00:00,104.5,95.3499984741211,43,-410.63716548156754,-0.09120229896978438,STOP_LOSS,0.3738386099357972,3
OYAKC,2025-04-15 04:00:00+00:00,2025-04-17 08:00:00+00:00,29.299999237060547,26.920000076293945,140,-348.94148231506324,-0.0848963923447868,STOP_LOSS,0.4030484631716965,3
SMRTG,2025-04-16 04:00:00+00:00,2025-04-22 04:00:00+00:00,34.29999923706055,31.3799991607666,178,-543.1420930099493,-0.08878337031364128,STOP_LOSS,0.6765482548460131,4
ISFIN,2025-04-04 12:00:00+00:00,2025-04-24 08:00:00+00:00,13.729999542236328,12.619999885559082,482,-560.4212339668275,-0.08451412501273552,STOP_LOSS,0.7914740102162807,4
QUAGR,2025-03-27 04:00:00+00:00,2025-04-25 08:00:00+00:00,4.139999866485596,5.429999828338623,915,1162.836865653992,0.30635829872825154,TAKE_PROFIT,0.3256792490880586,3
DOAS,2025-03-27 04:00:00+00:00,2025-04-28 04:00:00+00:00,228.3000030517578,209.8999938964844,18,-346.9753646850577,-0.08426602288850271,STOP_LOSS,0.410154993802489,3
THYAO,2025-04-07 12:00:00+00:00,2025-04-29 04:00:00+00:00,309.75,303.75,19,-137.3129999999992,-0.023285148830667825,PHASE_EXIT,0.6323932594954266,4
KOZAA,2025-03-26 12:00:00+00:00,2025-04-30 12:00:00+00:00,81.25,86.55000305175781,60,297.86418273925756,0.060978388400482635,PHASE_EXIT,0.5194496664365984,3
SASA,2025-04-30 08:00:00+00:00,2025-05-05 04:00:00+00:00,4.210000038146973,4.03000020980835,966,-189.79951465415934,-0.046576639370717515,PHASE_EXIT,0.3752583750038597,3
KLRHO,2025-05-05 08:00:00+00:00,2025-05-16 04:00:00+00:00,28.399999618530277,36.97999954223633,230,1943.325182838439,0.296914622827408,TAKE_PROFIT,0.7571178497345943,4
ERBOS,2025-04-22 12:00:00+00:00,2025-05-21 12:00:00+00:00,168.3000030517578,153.3000030517578,35,-547.5120004272458,-0.09276277942363227,STOP_LOSS,0.6481059383113223,4
TKFEN,2025-05-16 08:00:00+00:00,2025-05-21 12:00:00+00:00,131.5,120.5,32,-368.12800000000016,-0.08730827318746541,STOP_LOSS,0.3962271395481527,3
SNGYO,2025-03-26 08:00:00+00:00,2025-05-26 08:00:00+00:00,3.400000095367432,3.5299999713897705,1539,178.73926899290018,0.034090604858280006,PHASE_EXIT,0.47546312517387845,3
DOHOL,2025-03-25 08:00:00+00:00,2025-05-27 04:00:00+00:00,14.68000030517578,14.670000076293944,326,-22.39627486419704,-0.004670511036278852,PHASE_EXIT,0.32527950094672203,3
SMRTG,2025-05-28 04:00:00+00:00,2025-05-30 08:00:00+00:00,29.81999969482422,27.3799991607666,166,-424.03048827362,-0.08548966981899216,STOP_LOSS,0.44981124987642795,3
INDES,2025-04-29 08:00:00+00:00,2025-06-13 04:00:00+00:00,6.809999942779541,6.150000095367432,596,-408.80822910308825,-0.10052140260621015,STOP_LOSS,0.3254549997616892,3
HALKB,2025-04-30 12:00:00+00:00,2025-06-13 04:00:00+00:00,20.15999984741211,19.81999969482422,236,-99.11059579467837,-0.020789777332783775,PHASE_EXIT,0.5526605614657154,3
PGSUS,2025-05-29 08:00:00+00:00,2025-06-19 12:00:00+00:00,241.8999938964844,218.6999969482422,17,-410.0603478088383,-0.09951654169357535,STOP_LOSS,0.32525998113406696,3
ECILC,2025-05-29 12:00:00+00:00,2025-06-23 04:00:00+00:00,44.77999877929688,40.959999084472656,90,-359.2331721496589,-0.08895740897302165,STOP_LOSS,0.3258319954080624,3
TKFEN,2025-06-20 08:00:00+00:00,2025-06-27 04:00:00+00:00,125.5999984741211,114.9000015258789,39,-436.0588809814453,-0.08884299143811868,STOP_LOSS,0.5672763366371351,3
SKBNK,2025-06-16 08:00:00+00:00,2025-06-27 12:00:00+00:00,4.760000228881836,5.960000038146973,974,1147.9172537040704,0.24710238180376998,TAKE_PROFIT,0.4690334857743689,3
IPEKE,2025-02-06 04:00:00+00:00,2025-06-27 12:00:00+00:00,56.95000076293945,59.29999923706055,117,247.74732147216764,0.037107496083402934,END_TEST,,4
MPARK,2025-04-17 08:00:00+00:00,2025-06-27 12:00:00+00:00,321.25,323.5,14,13.447000000000116,0.0029839154376073017,END_TEST,,3
BIMAS,2025-04-24 08:00:00+00:00,2025-06-27 12:00:00+00:00,459.0,469.75,8,71.13999999999987,0.01933496840741172,END_TEST,,3
QUAGR,2025-04-25 08:00:00+00:00,2025-06-27 12:00:00+00:00,5.429999828338623,6.070000171661377,876,540.4923007507323,0.11340125693884844,END_TEST,,3
KOZAA,2025-05-22 08:00:00+00:00,2025-06-27 12:00:00+00:00,85.5,80.55000305175781,51,-269.3869446716308,-0.06165560054564207,END_TEST,,3
HEKTS,2025-06-02 04:00:00+00:00,2025-06-27 12:00:00+00:00,3.049999952316284,3.049999952316284,1212,-14.786399768829142,-0.003992015968063817,END_TEST,,3
ISFIN,2025-06-13 12:00:00+00:00,2025-06-27 12:00:00+00:00,12.100000381469728,12.079999923706056,348,-23.78943951416022,-0.0056383477853271064,END_TEST,,3
DOAS,2025-06-23 04:00:00+00:00,2025-06-27 12:00:00+00:00,171.1999969482422,168.0,23,-89.20312966918937,-0.022608970209544485,END_TEST,,3
